shipmentIdentifier,shipmentType,shipFromLocation.locationIdentifier,shipToLocation.locationIdentifier,vendor.organizationIdentifier,buyer.organizationIdentifier,carrier.organizationIdentifier,status,dateCreated,requestedTimeOfArrival,committedTimeOfArrival,actualShipDate,estimatedTimeOfArrival,revisedEstimatedTimeOfArrival,predictedTimeOfArrival,actualTimeOfArrival,lineCount,weight,weightUnits,currentLocationCoordinates,currentRegion,transportMode,houseAirwayBill,parcelTrackingNumber,airwayMasterNumber,billOfLadingNumber,proNumber,manifest,exclude,sourceLink
3004555,OUTBOUND,LT-1,NYDOT - New Rochelle,LightTree,NYDOT,TranEx,,2021-07-09T00:00:00,2021-07-19T00:00:00,2021-07-19T00:00:00,2021-07-15T00:00:00,2021-07-20T00:00:00,,,2021-07-19T00:00:00,,,,,US-East,Truck,,1Z0264920233,,,,,,http://lighttree.com/3004555
3004554,OUTBOUND,LT-1,NYDOT - New Rochelle,LightTree,NYDOT,TranEx,,2021-07-09T00:00:00,2021-07-19T00:00:00,2021-07-19T00:00:00,2021-07-15T00:00:00,2021-07-20T00:00:00,,,2021-07-19T00:00:00,,,,,US-East,Truck,,1Z61566406245,,,,,,http://lighttree.com/3004554
3004553,OUTBOUND,LT-1,NYDOT - New Rochelle,LightTree,NYDOT,TranEx,,2021-07-01T00:00:00,2021-07-11T00:00:00,2021-07-11T00:00:00,2021-07-07T00:00:00,2021-07-11T00:00:00,,,2021-07-11T00:00:00,,,,,US-East,Truck,,1Z66916635689,,,,,,http://lighttree.com/3004553
3004552,OUTBOUND,LT-1,NYDOT - New Rochelle,LightTree,NYDOT,TranEx,,2021-07-01T00:00:00,2021-07-11T00:00:00,2021-07-11T00:00:00,2021-07-10T00:00:00,2021-07-11T00:00:00,,,2021-07-11T00:00:00,,,,,US-East,Truck,,1Z84855380152,,,,,,http://lighttree.com/3004552
3004549,OUTBOUND,LT-1,CALTRAN - San Diego,LightTree,CALTRAN,RPS,,2021-07-01T00:00:00,2021-07-11T00:00:00,2021-07-11T00:00:00,2021-07-03T00:00:00,2021-07-11T00:00:00,,,2021-07-11T00:00:00,,,,,US-West,Truck,,1Z40905045952,,,,,,http://lighttree.com/3004549
3004548,OUTBOUND,LT-1,CALTRAN - San Diego,LightTree,CALTRAN,RPS,,2021-07-01T00:00:00,2021-07-11T00:00:00,2021-07-11T00:00:00,2021-07-03T00:00:00,2021-07-11T00:00:00,,,2021-07-09T00:00:00,,,,,US-West,Truck,,1Z26727337844,,,,,,http://lighttree.com/3004548
3004547,OUTBOUND,LT-1,CALTRAN - San Diego,LightTree,CALTRAN,RPS,,2021-07-09T00:00:00,2021-07-19T00:00:00,2021-07-18T00:00:00,2021-07-11T00:00:00,2021-07-19T00:00:00,,2021-07-18T00:00:00,,,,,,US-West,Truck,,1Z58114235253,,,,,,http://lighttree.com/3004547
3004546,OUTBOUND,LT-1,CALTRAN - San Diego,LightTree,CALTRAN,RPS,,2021-07-09T00:00:00,2021-07-19T00:00:00,2021-07-20T00:00:00,2021-07-10T00:00:00,2021-07-20T00:00:00,,2021-07-21T00:00:00,,,,,,US-West,Truck,,1Z40789424977,,,,,,http://lighttree.com/3004546
3004543,OUTBOUND,LT-1,AHTD - Bentonville,LightTree,AHTD,RPS,,2021-07-05T00:00:00,2021-07-15T00:00:00,2021-07-16T00:00:00,2021-07-08T00:00:00,2021-07-15T00:00:00,,,2021-07-17T00:00:00,,,,,US-South,Truck,,1Z76584940478,,,,,,http://lighttree.com/3004543
3004542,OUTBOUND,LT-1,AHTD - Bentonville,LightTree,AHTD,RPS,,2021-07-05T00:00:00,2021-07-15T00:00:00,2021-07-15T00:00:00,2021-07-08T00:00:00,2021-07-15T00:00:00,,,2021-07-15T00:00:00,,,,,US-South,Truck,,1Z66136934522,,,,,,http://lighttree.com/3004542
3004540,OUTBOUND,LT-1,AHTD - Bentonville,LightTree,AHTD,RPS,,2021-06-27T00:00:00,2021-07-07T00:00:00,2021-07-09T00:00:00,2021-07-01T00:00:00,2021-07-07T00:00:00,,,2021-07-10T00:00:00,,,,,US-South,Truck,,1Z38985136344,,,,,,http://lighttree.com/3004540
3004539,OUTBOUND,LT-1,AHTD - Bentonville,LightTree,AHTD,RPS,,2021-06-27T00:00:00,2021-07-07T00:00:00,2021-07-07T00:00:00,2021-06-30T00:00:00,2021-07-07T00:00:00,,,2021-07-07T00:00:00,,,,,US-South,Truck,,1Z73051707146,,,,,,http://lighttree.com/3004539
EV9PPA,INBOUND,SilverOptics - Dover,LT-1,SilverOptics,LightTree,UXS,,2021-07-19T00:00:00,2021-07-26T00:00:00,2021-07-26T00:00:00,2021-07-22T00:00:00,2021-07-26T00:00:00,,,,,,,"34.460245, -84.922803",US-East,Common Carrier,,1Z13792687652,,,,,,http://lighttree.com/EV9PPA
O5A7NN,INBOUND,Ripley - Trenton,LT-1,Ripley,LightTree,AFX,,2021-07-19T00:00:00,2021-07-26T00:00:00,2021-07-26T00:00:00,2021-07-23T00:00:00,2021-07-26T00:00:00,,,,,,,"34.859939, -84.3905796",US-East,Common Carrier,,1Z89561993624,,,,,,http://lighttree.com/O5A7NN
MR4PUF,INBOUND,Amos - Philadelphia,LT-1,Amos,LightTree,NatEx,,2021-07-19T00:00:00,2021-07-26T00:00:00,2021-07-26T00:00:00,2021-07-22T00:00:00,2021-07-27T00:00:00,,,,,,,"34.592647, -84.8629452",US-East,Common Carrier,,1Z79609234312,,,,,,http://lighttree.com/MR4PUF
HKD3U5,INBOUND,Mueller - Pittsburgh,LT-1,Mueller,LightTree,Dunham,,2021-07-19T00:00:00,2021-07-26T00:00:00,2021-07-26T00:00:00,2021-07-22T00:00:00,2021-07-26T00:00:00,,,,,,,"34.654759, -85.6668964",US-East,Common Carrier,,1Z79679439255,,,,,,http://lighttree.com/HKD3U5
HKD3U6,INBOUND,Mueller - Pittsburgh,LT-1,Mueller,LightTree,Dunham,,2021-07-19T00:00:00,2021-07-26T00:00:00,2021-07-28T00:00:00,2021-07-24T00:00:00,2021-07-28T00:00:00,,,,,,,"36.922958, -83.3957094",US-West,Common Carrier,,1Z61566406245,,,,,,http://lighttree.com/HKD3U6
7BRMDR,INBOUND,Alumi-lux - Nashua,LT-1,Alumi-lux,LightTree,TransOceanic,,2021-07-19T00:00:00,2021-07-26T00:00:00,2021-07-27T00:00:00,2021-07-26T00:00:00,2021-07-28T00:00:00,,,,,,,"39.683797, -76.5792073",US-South,Common Carrier,,1Z66916635689,,,,,,http://lighttree.com/7BRMDR
6FA52G,INBOUND,Gemini - Dallas,LT-1,Gemini,LightTree,NatEx,,2021-07-19T00:00:00,2021-07-26T00:00:00,2021-07-26T00:00:00,2021-07-22T00:00:00,2021-07-26T00:00:00,,,,,,,"33.396661, -88.4682396",US-West,Common Carrier,,1Z84855380152,,,,,,http://lighttree.com/6FA52G
X5L4SC,INBOUND,Mueller - Pittsburgh,LT-1,Mueller,LightTree,Dunham,,2021-07-19T00:00:00,2021-07-26T00:00:00,2021-07-26T00:00:00,2021-07-22T00:00:00,2021-07-26T00:00:00,,,,,,,"34.654759, -85.6668964",US-South,Common Carrier,,1Z40905045952,,,,,,http://lighttree.com/X5L4SC
W7LKE4,INBOUND,LightLens - Ipswich ,LT-1,LightLens,LightTree,Dunham,,2021-07-19T00:00:00,2021-07-26T00:00:00,2021-07-26T00:00:00,2021-07-22T00:00:00,2021-07-26T00:00:00,,,,,,,"36.605642, -72.1376579",US-West,Common Carrier,,1Z26727337844,,,,,,http://lighttree.com/W7LKE4
XV1YVC,INBOUND,R&J - Vancouver,LT-1,R&J,LightTree,TransOceanic,,2021-07-19T00:00:00,2021-07-26T00:00:00,2021-07-26T00:00:00,2021-07-22T00:00:00,2021-07-27T00:00:00,,,,,,,"35.540359, -92.7534213",US-South,Common Carrier,,1Z97228647840,,,,,,http://lighttree.com/XV1YVC
KMEZ3K,INBOUND,EM - Hemphill,LT-1,EM,LightTree,UXS,,2021-07-19T00:00:00,2021-07-26T00:00:00,2021-07-26T00:00:00,,2021-07-26T00:00:00,,,,,,,,,Common Carrier,,1Z26727337844,,,,,,http://lighttree.com/KMEZ3K
JHP2S4,INBOUND,Interalloy - Bozeman,LT-1,Interalloy,LightTree,UXS,,2021-07-19T00:00:00,2021-07-26T00:00:00,2021-07-26T00:00:00,2021-07-24T00:00:00,2021-07-26T00:00:00,,,,,,,"36.55999, -92.8620482",US-East,Common Carrier,,1Z64431175920,,,,,,http://lighttree.com/JHP2S4
JHP2S5,INBOUND,Interalloy - Bozeman,LT-1,Interalloy,LightTree,UXS,,2021-07-19T00:00:00,2021-07-26T00:00:00,2021-07-28T00:00:00,2021-07-26T00:00:00,2021-07-28T00:00:00,,,,,,,"42.638648, -104.9811647",US-West,Common Carrier,,1Z17624205357,,,,,,http://lighttree.com/JHP2S5
JN6VI0,INBOUND,Interalloy - Bozeman,LT-1,Interalloy,LightTree,UXS,,2021-07-19T00:00:00,2021-07-26T00:00:00,2021-07-26T00:00:00,,2021-07-27T00:00:00,,,,,,,,,Common Carrier,,1Z64431175920,,,,,,http://lighttree.com/JN6VI0
RF5NOJ,INBOUND,Hardy - Salina,LT-1,Hardy,LightTree,TransOceanic,,2021-07-19T00:00:00,2021-07-26T00:00:00,2021-07-26T00:00:00,,2021-07-26T00:00:00,,,,,,,,,Common Carrier,,1Z17624205357,,,,,,http://lighttree.com/RF5NOJ
TRYYNK,INBOUND,Interalloy - Bozeman,LT-1,Interalloy,LightTree,UXS,,2021-07-19T00:00:00,2021-07-26T00:00:00,2021-07-25T00:00:00,2021-07-24T00:00:00,2021-07-25T00:00:00,,,,,,,"34.128526, -88.0144016",US-East,Common Carrier,,1Z58114235253,,,,,,http://lighttree.com/TRYYNK
A2Z873,INBOUND,Flexilux - Worcester,LT-1,Flexilux,LightTree,UXS,,2021-07-19T00:00:00,2021-07-26T00:00:00,2021-07-26T00:00:00,2021-07-23T00:00:00,2021-07-28T00:00:00,,,,,,,"35.269047, -83.8024506",US-East,Common Carrier,,1Z40789424977,,,,,,http://lighttree.com/A2Z873
YUJOYM,INBOUND,McGrey - Mt Sterling,LT-1,McGrey,LightTree,AFX,,2021-07-19T00:00:00,2021-07-26T00:00:00,2021-07-26T00:00:00,2021-07-22T00:00:00,2021-07-26T00:00:00,,,,,,,"34.27956, -86.3199604",US-East,Common Carrier,,1Z76584940478,,,,,,http://lighttree.com/YUJOYM
FHA3V,INBOUND,Brewers - Phoenix,LT-1,Brewers,LightTree,AFX,,2021-07-19T00:00:00,2021-07-26T00:00:00,2021-07-26T00:00:00,2021-07-22T00:00:00,2021-07-28T00:00:00,,,,,,,"33.508613, -91.0144145",US-West,Common Carrier,,1Z66136934522,,,,,,http://lighttree.com/FHA3V
8GZ81E,INBOUND,Total Source - Waukesha,LT-1,Total Source,LightTree,TransOceanic,,2021-07-19T00:00:00,2021-07-26T00:00:00,2021-07-26T00:00:00,2021-07-22T00:00:00,2021-07-26T00:00:00,,2021-07-23T00:00:00,,,,,"35.102859, -87.0411009",US-South,Common Carrier,,1Z38985136344,,,,,,http://lighttree.com/8GZ81E
LBM8RO,INBOUND,F & M - Columbus,LT-1,F & M,LightTree,NatEx,,2021-07-19T00:00:00,2021-07-26T00:00:00,2021-07-27T00:00:00,2021-07-22T00:00:00,2021-07-23T00:00:00,,2021-07-24T00:00:00,,,,,"35.360807, -85.7157197",US-East,Common Carrier,,1Z73051707146,,,,,,http://lighttree.com/LBM8RO
7GMW0P,INBOUND,SilverOptics - Dover,LT-1,SilverOptics,LightTree,UXS,,2021-07-12T00:00:00,2021-07-19T00:00:00,2021-07-19T00:00:00,2021-07-15T00:00:00,2021-07-18T00:00:00,,2021-07-19T00:00:00,2021-07-19T00:00:00,,,,,,Common Carrier,,1Z13792687652,,,,,,http://lighttree.com/7GMW0P
186MCN,INBOUND,Ripley - Trenton,LT-1,Ripley,LightTree,AFX,,2021-07-12T00:00:00,2021-07-19T00:00:00,2021-07-19T00:00:00,2021-07-15T00:00:00,2021-07-19T00:00:00,,2021-07-19T00:00:00,2021-07-20T00:00:00,,,,,,Common Carrier,,1Z89561993624,,,,,,http://lighttree.com/186MCN
QN3LWG,INBOUND,Alumi-lux - Nashua,LT-1,Alumi-lux,LightTree,TransOceanic,,2021-07-12T00:00:00,2021-07-19T00:00:00,2021-07-21T00:00:00,2021-07-17T00:00:00,2021-07-21T00:00:00,,2021-07-22T00:00:00,,,,,"34.445131, -85.2689976",US-East,Common Carrier,,1Z79609234312,,,,,,http://lighttree.com/QN3LWG
XWFGBJ,INBOUND,Amos - Philadelphia,LT-1,Amos,LightTree,NatEx,,2021-07-12T00:00:00,2021-07-19T00:00:00,2021-07-19T00:00:00,2021-07-15T00:00:00,2021-07-19T00:00:00,,2021-07-19T00:00:00,2021-07-19T00:00:00,,,,,,Common Carrier,,1Z79679439255,,,,,,http://lighttree.com/XWFGBJ
EEU2OZ,INBOUND,Gemini - Dallas,LT-1,Gemini,LightTree,NatEx,,2021-07-12T00:00:00,2021-07-19T00:00:00,2021-07-19T00:00:00,2021-07-15T00:00:00,2021-07-19T00:00:00,,2021-07-19T00:00:00,2021-07-19T00:00:00,,,,,,Common Carrier,,1Z61566406245,,,,,,http://lighttree.com/EEU2OZ
69KATE,INBOUND,Mueller - Pittsburgh,LT-1,Mueller,LightTree,Dunham,,2021-07-12T00:00:00,2021-07-19T00:00:00,2021-07-19T00:00:00,2021-07-15T00:00:00,2021-07-19T00:00:00,,2021-07-19T00:00:00,2021-07-19T00:00:00,,,,,,Common Carrier,,1Z66916635689,,,,,,http://lighttree.com/69KATE
NTIP9U,INBOUND,LightLens - Ipswich ,LT-1,LightLens,LightTree,Dunham,,2021-07-12T00:00:00,2021-07-19T00:00:00,2021-07-25T00:00:00,2021-07-15T00:00:00,2021-07-25T00:00:00,,2021-07-25T00:00:00,,,,,"34.446155, -82.4030403",US-East,Common Carrier,,1Z84855380152,,,,,,http://lighttree.com/NTIP9U
U9REQF,INBOUND,SA - Loretto,LT-1,SA,LightTree,TransOceanic,,2021-07-12T00:00:00,2021-07-19T00:00:00,2021-07-19T00:00:00,2021-07-16T00:00:00,2021-07-19T00:00:00,,2021-07-19T00:00:00,2021-07-19T00:00:00,,,,,,Common Carrier,,1Z40905045952,,,,,,http://lighttree.com/U9REQF
O1CA0D,INBOUND,RLP - Troy,LT-1,RLP,LightTree,UXS,,2021-07-12T00:00:00,2021-07-19T00:00:00,2021-07-19T00:00:00,2021-07-15T00:00:00,2021-07-19T00:00:00,,2021-07-19T00:00:00,2021-07-19T00:00:00,,,,,,Common Carrier,,1Z26727337844,,,,,,http://lighttree.com/O1CA0D
ZYY47F,INBOUND,EM - Hemphill,LT-1,EM,LightTree,UXS,,2021-07-12T00:00:00,2021-07-19T00:00:00,2021-07-19T00:00:00,2021-07-15T00:00:00,2021-07-19T00:00:00,,2021-07-19T00:00:00,2021-07-19T00:00:00,,,,,,Common Carrier,,1Z97228647840,,,,,,http://lighttree.com/ZYY47F
GNHM3F,INBOUND,Interalloy - Bozeman,LT-1,Interalloy,LightTree,UXS,,2021-07-12T00:00:00,2021-07-19T00:00:00,2021-07-19T00:00:00,2021-07-15T00:00:00,2021-07-19T00:00:00,,2021-07-19T00:00:00,2021-07-19T00:00:00,,,,,,Common Carrier,,1Z13792687652,,,,,,http://lighttree.com/GNHM3F
00NYVK,INBOUND,Interalloy - Bozeman,LT-1,Interalloy,LightTree,UXS,,2021-07-12T00:00:00,2021-07-19T00:00:00,2021-07-19T00:00:00,2021-07-15T00:00:00,2021-07-19T00:00:00,,2021-07-19T00:00:00,2021-07-19T00:00:00,,,,,,Common Carrier,,1Z89561993624,,,,,,http://lighttree.com/00NYVK
FJMDL6,INBOUND,Hardy - Salina,LT-1,Hardy,LightTree,TransOceanic,,2021-07-12T00:00:00,2021-07-19T00:00:00,2021-07-20T00:00:00,2021-07-16T00:00:00,2021-07-20T00:00:00,,2021-07-19T00:00:00,,,,,"34.052622, -87.8833833",US-East,Common Carrier,,1Z79609234312,,,,,,http://lighttree.com/FJMDL6
Y05B3G,INBOUND,Interalloy - Bozeman,LT-1,Interalloy,LightTree,UXS,,2021-07-12T00:00:00,2021-07-19T00:00:00,2021-07-19T00:00:00,2021-07-15T00:00:00,2021-07-19T00:00:00,,2021-07-19T00:00:00,2021-07-21T00:00:00,,,,,,Common Carrier,,1Z79679439255,,,,,,http://lighttree.com/Y05B3G
I6WQ1J,INBOUND,Flexilux - Worcester,LT-1,Flexilux,LightTree,UXS,,2021-07-12T00:00:00,2021-07-19T00:00:00,2021-07-19T00:00:00,2021-07-15T00:00:00,2021-07-19T00:00:00,,2021-07-19T00:00:00,2021-07-19T00:00:00,,,,,,Common Carrier,,1Z61566406245,,,,,,http://lighttree.com/I6WQ1J
I6WQ1K,INBOUND,Flexilux - Worcester,LT-1,Flexilux,LightTree,UXS,,2021-07-12T00:00:00,2021-07-19T00:00:00,2021-07-21T00:00:00,2021-07-17T00:00:00,2021-07-21T00:00:00,,,2021-07-21T00:00:00,,,,,,Common Carrier,,1Z66916635689,,,,,,http://lighttree.com/I6WQ1K
ANQWZY,INBOUND,McGrey - Mt Sterling,LT-1,McGrey,LightTree,AFX,,2021-07-12T00:00:00,2021-07-19T00:00:00,2021-07-19T00:00:00,2021-07-15T00:00:00,2021-07-19T00:00:00,,,2021-07-19T00:00:00,,,,,,Common Carrier,,1Z84855380152,,,,,,http://lighttree.com/ANQWZY
F8K3XF,INBOUND,Brewers - Phoenix,LT-1,Brewers,LightTree,AFX,,2021-07-12T00:00:00,2021-07-19T00:00:00,2021-07-19T00:00:00,2021-07-15T00:00:00,2021-07-19T00:00:00,,,2021-07-19T00:00:00,,,,,,Common Carrier,,1Z40905045952,,,,,,http://lighttree.com/F8K3XF
WHS04B,INBOUND,Total Source - Waukesha,LT-1,Total Source,LightTree,TransOceanic,,2021-07-12T00:00:00,2021-07-19T00:00:00,2021-07-19T00:00:00,2021-07-15T00:00:00,2021-07-19T00:00:00,,,2021-07-19T00:00:00,,,,,,Common Carrier,,1Z26727337844,,,,,,http://lighttree.com/WHS04B
CXI2CP,INBOUND,F & M - Columbus,LT-1,F & M,LightTree,NatEx,,2021-07-12T00:00:00,2021-07-19T00:00:00,2021-07-19T00:00:00,2021-07-15T00:00:00,2021-07-19T00:00:00,,,2021-07-18T00:00:00,,,,,,Common Carrier,,1Z97228647840,,,,,,http://lighttree.com/CXI2CP
ZT4OZ6,INBOUND,SilverOptics - Dover,LT-1,SilverOptics,LightTree,UXS,,2021-06-20T00:00:00,2021-06-27T00:00:00,2021-06-27T00:00:00,2021-06-23T00:00:00,2021-06-27T00:00:00,,,2021-06-27T00:00:00,,,,,,Common Carrier,,1Z40905045952,,,,,,http://lighttree.com/ZT4OZ6
WUO0O7,INBOUND,Ripley - Trenton,LT-1,Ripley,LightTree,AFX,,2021-06-20T00:00:00,2021-06-27T00:00:00,2021-06-27T00:00:00,2021-06-23T00:00:00,2021-06-27T00:00:00,,,2021-06-27T00:00:00,,,,,,Common Carrier,,1Z26727337844,,,,,,http://lighttree.com/WUO0O7
Z7XX5W,INBOUND,Alumi-lux - Nashua,LT-1,Alumi-lux,LightTree,TransOceanic,,2021-06-20T00:00:00,2021-06-27T00:00:00,2021-06-27T00:00:00,2021-06-25T00:00:00,2021-06-27T00:00:00,,,2021-06-27T00:00:00,,,,,,Common Carrier,,1Z97228647840,,,,,,http://lighttree.com/Z7XX5W
TRDKRG,INBOUND,Amos - Philadelphia,LT-1,Amos,LightTree,NatEx,,2021-06-20T00:00:00,2021-06-27T00:00:00,2021-06-29T00:00:00,2021-06-25T00:00:00,2021-06-29T00:00:00,,,2021-06-29T00:00:00,,,,,,Common Carrier,,1Z26727337844,,,,,,http://lighttree.com/TRDKRG
DW5V57,INBOUND,Gemini - Dallas,LT-1,Gemini,LightTree,NatEx,,2021-06-20T00:00:00,2021-06-27T00:00:00,2021-06-27T00:00:00,2021-06-23T00:00:00,2021-06-27T00:00:00,,,2021-06-27T00:00:00,,,,,,Common Carrier,,1Z64431175920,,,,,,http://lighttree.com/DW5V57
TSKNHT,INBOUND,Mueller - Pittsburgh,LT-1,Mueller,LightTree,Dunham,,2021-06-20T00:00:00,2021-06-27T00:00:00,2021-06-26T00:00:00,2021-06-23T00:00:00,2021-06-27T00:00:00,,,2021-06-27T00:00:00,,,,,,Common Carrier,,1Z17624205357,,,,,,http://lighttree.com/TSKNHT
2I8M66,INBOUND,LightLens - Ipswich ,LT-1,LightLens,LightTree,Dunham,,2021-06-20T00:00:00,2021-06-27T00:00:00,2021-07-03T00:00:00,2021-06-29T00:00:00,2021-07-03T00:00:00,,,2021-07-03T00:00:00,,,,,,Common Carrier,,1Z64431175920,,,,,,http://lighttree.com/2I8M66
QMQXK8,INBOUND,SA - Loretto,LT-1,SA,LightTree,TransOceanic,,2021-06-20T00:00:00,2021-06-27T00:00:00,2021-06-27T00:00:00,2021-06-23T00:00:00,2021-06-27T00:00:00,,,2021-06-27T00:00:00,,,,,,Common Carrier,,1Z17624205357,,,,,,http://lighttree.com/QMQXK8
GLABQ9,INBOUND,RLP - Troy,LT-1,RLP,LightTree,UXS,,2021-06-20T00:00:00,2021-06-27T00:00:00,2021-06-27T00:00:00,2021-06-23T00:00:00,2021-06-27T00:00:00,,,2021-06-27T00:00:00,,,,,,Common Carrier,,1Z58114235253,,,,,,http://lighttree.com/GLABQ9
FEH4YT,INBOUND,EM - Hemphill,LT-1,EM,LightTree,UXS,,2021-06-20T00:00:00,2021-06-27T00:00:00,2021-06-27T00:00:00,2021-06-23T00:00:00,2021-06-27T00:00:00,,,2021-06-27T00:00:00,,,,,,Common Carrier,,1Z40789424977,,,,,,http://lighttree.com/FEH4YT
A1DL1G,INBOUND,Interalloy - Bozeman,LT-1,Interalloy,LightTree,UXS,,2021-06-20T00:00:00,2021-06-27T00:00:00,2021-06-27T00:00:00,2021-06-23T00:00:00,2021-06-27T00:00:00,,,2021-06-27T00:00:00,,,,,,Common Carrier,,1Z76584940478,,,,,,http://lighttree.com/A1DL1G
KXNVMR,INBOUND,Interalloy - Bozeman,LT-1,Interalloy,LightTree,UXS,,2021-06-20T00:00:00,2021-06-27T00:00:00,2021-06-27T00:00:00,2021-06-23T00:00:00,2021-06-27T00:00:00,,,2021-06-27T00:00:00,,,,,,Common Carrier,,1Z66136934522,,,,,,http://lighttree.com/KXNVMR
7LMIBB,INBOUND,Hardy - Salina,LT-1,Hardy,LightTree,TransOceanic,,2021-06-20T00:00:00,2021-06-27T00:00:00,2021-06-27T00:00:00,2021-06-22T00:00:00,2021-06-27T00:00:00,,,2021-06-27T00:00:00,,,,,,Common Carrier,,1Z38985136344,,,,,,http://lighttree.com/7LMIBB
8I3OIA,INBOUND,Interalloy - Bozeman,LT-1,Interalloy,LightTree,UXS,,2021-06-20T00:00:00,2021-06-27T00:00:00,2021-06-27T00:00:00,2021-06-23T00:00:00,2021-06-27T00:00:00,,,2021-06-28T00:00:00,,,,,,Common Carrier,,1Z73051707146,,,,,,http://lighttree.com/8I3OIA
MU410G,INBOUND,Flexilux - Worcester,LT-1,Flexilux,LightTree,UXS,,2021-06-20T00:00:00,2021-06-27T00:00:00,2021-06-27T00:00:00,2021-06-23T00:00:00,2021-06-27T00:00:00,,,2021-06-27T00:00:00,,,,,,Common Carrier,,1Z13792687652,,,,,,http://lighttree.com/MU410G
0NCCWS,INBOUND,McGrey - Mt Sterling,LT-1,McGrey,LightTree,AFX,,2021-06-20T00:00:00,2021-06-27T00:00:00,2021-06-30T00:00:00,2021-06-26T00:00:00,2021-06-30T00:00:00,,,2021-06-30T00:00:00,,,,,,Common Carrier,,1Z89561993624,,,,,,http://lighttree.com/0NCCWS
M59RMB,INBOUND,Brewers - Phoenix,LT-1,Brewers,LightTree,AFX,,2021-06-20T00:00:00,2021-06-27T00:00:00,2021-06-27T00:00:00,2021-06-23T00:00:00,2021-06-27T00:00:00,,,2021-06-27T00:00:00,,,,,,Common Carrier,,1Z79609234312,,,,,,http://lighttree.com/M59RMB
ONQWAR,INBOUND,Total Source - Waukesha,LT-1,Total Source,LightTree,TransOceanic,,2021-06-20T00:00:00,2021-06-27T00:00:00,2021-06-27T00:00:00,2021-06-23T00:00:00,2021-06-27T00:00:00,,,2021-06-27T00:00:00,,,,,,Common Carrier,,1Z79679439255,,,,,,http://lighttree.com/ONQWAR
LAVMSR,INBOUND,F & M - Columbus,LT-1,F & M,LightTree,NatEx,,2021-06-20T00:00:00,2021-06-27T00:00:00,2021-06-27T00:00:00,2021-06-22T00:00:00,2021-06-27T00:00:00,,,2021-06-27T00:00:00,,,,,,Common Carrier,,1Z61566406245,,,,,,http://lighttree.com/LAVMSR
EV9PPV,INBOUND,SilverOptics - Dover,LT-1,SilverOptics,LightTree,UXS,,2021-07-03T00:00:00,2021-07-10T00:00:00,2021-07-10T00:00:00,2021-07-06T00:00:00,2021-07-10T00:00:00,,,2021-07-10T00:00:00,,,,,,Common Carrier,,1Z66916635689,,,,,,http://lighttree.com/EV9PPV
OUA7NN,INBOUND,Ripley - Trenton,LT-1,Ripley,LightTree,AFX,,2021-07-03T00:00:00,2021-07-10T00:00:00,2021-07-10T00:00:00,2021-07-06T00:00:00,2021-07-10T00:00:00,,,2021-07-10T00:00:00,,,,,,Common Carrier,,1Z84855380152,,,,,,http://lighttree.com/OUA7NN
MRUPUF,INBOUND,Amos - Philadelphia,LT-1,Amos,LightTree,NatEx,,2021-07-03T00:00:00,2021-07-10T00:00:00,2021-07-10T00:00:00,2021-07-06T00:00:00,2021-07-10T00:00:00,,,2021-07-10T00:00:00,,,,,,Common Carrier,,1Z40905045952,,,,,,http://lighttree.com/MRUPUF
HKC3U5,INBOUND,Mueller - Pittsburgh,LT-1,Mueller,LightTree,Dunham,,2021-07-03T00:00:00,2021-07-10T00:00:00,2021-07-10T00:00:00,2021-07-06T00:00:00,2021-07-10T00:00:00,,,2021-07-10T00:00:00,,,,,,Common Carrier,,1Z26727337844,,,,,,http://lighttree.com/HKC3U5
7BQMDR,INBOUND,Alumi-lux - Nashua,LT-1,Alumi-lux,LightTree,TransOceanic,,2021-07-03T00:00:00,2021-07-10T00:00:00,2021-07-14T00:00:00,2021-07-10T00:00:00,2021-07-14T00:00:00,,,2021-07-14T00:00:00,,,,,,Common Carrier,,1Z97228647840,,,,,,http://lighttree.com/7BQMDR
6FAA2G,INBOUND,Gemini - Dallas,LT-1,Gemini,LightTree,NatEx,,2021-07-03T00:00:00,2021-07-10T00:00:00,2021-07-10T00:00:00,2021-07-06T00:00:00,2021-07-10T00:00:00,,,2021-07-09T00:00:00,,,,,,Common Carrier,,1Z13792687652,,,,,,http://lighttree.com/6FAA2G
X5LUSC,INBOUND,Mueller - Pittsburgh,LT-1,Mueller,LightTree,Dunham,,2021-07-03T00:00:00,2021-07-10T00:00:00,2021-07-10T00:00:00,2021-07-06T00:00:00,2021-07-10T00:00:00,,,2021-07-10T00:00:00,,,,,,Common Carrier,,1Z89561993624,,,,,,http://lighttree.com/X5LUSC
W7LKC4,INBOUND,LightLens - Ipswich ,LT-1,LightLens,LightTree,Dunham,,2021-07-03T00:00:00,2021-07-10T00:00:00,2021-07-10T00:00:00,2021-07-06T00:00:00,2021-07-10T00:00:00,,,2021-07-10T00:00:00,,,,,,Common Carrier,,1Z79609234312,,,,,,http://lighttree.com/W7LKC4
XV1VVC,INBOUND,R&J - Vancouver,LT-1,R&J,LightTree,TransOceanic,,2021-07-03T00:00:00,2021-07-10T00:00:00,2021-07-10T00:00:00,2021-07-06T00:00:00,2021-07-10T00:00:00,,,2021-07-10T00:00:00,,,,,,Common Carrier,,1Z79679439255,,,,,,http://lighttree.com/XV1VVC
KMEZXK,INBOUND,EM - Hemphill,LT-1,EM,LightTree,UXS,,2021-07-03T00:00:00,2021-07-10T00:00:00,2021-07-10T00:00:00,2021-07-06T00:00:00,2021-07-10T00:00:00,,,2021-07-10T00:00:00,,,,,,Common Carrier,,1Z61566406245,,,,,,http://lighttree.com/KMEZXK
JHPBS4,INBOUND,Interalloy - Bozeman,LT-1,Interalloy,LightTree,UXS,,2021-07-03T00:00:00,2021-07-10T00:00:00,2021-07-10T00:00:00,2021-07-04T00:00:00,2021-07-10T00:00:00,,,2021-07-10T00:00:00,,,,,,Common Carrier,,1Z66916635689,,,,,,http://lighttree.com/JHPBS4
JN3VI0,INBOUND,Interalloy - Bozeman,LT-1,Interalloy,LightTree,UXS,,2021-07-03T00:00:00,2021-07-10T00:00:00,2021-07-10T00:00:00,2021-07-06T00:00:00,2021-07-10T00:00:00,,,2021-07-10T00:00:00,,,,,,Common Carrier,,1Z84855380152,,,,,,http://lighttree.com/JN3VI0
OF5NOJ,INBOUND,Hardy - Salina,LT-1,Hardy,LightTree,TransOceanic,,2021-07-03T00:00:00,2021-07-10T00:00:00,2021-07-10T00:00:00,2021-07-06T00:00:00,2021-07-10T00:00:00,,,2021-07-10T00:00:00,,,,,,Common Carrier,,1Z40905045952,,,,,,http://lighttree.com/OF5NOJ
TEYYNK,INBOUND,Interalloy - Bozeman,LT-1,Interalloy,LightTree,UXS,,2021-07-03T00:00:00,2021-07-10T00:00:00,2021-07-10T00:00:00,2021-07-07T00:00:00,2021-07-10T00:00:00,,,2021-07-12T00:00:00,,,,,,Common Carrier,,1Z26727337844,,,,,,http://lighttree.com/TEYYNK
22Z873,INBOUND,Flexilux - Worcester,LT-1,Flexilux,LightTree,UXS,,2021-07-03T00:00:00,2021-07-10T00:00:00,2021-07-10T00:00:00,2021-07-06T00:00:00,2021-07-10T00:00:00,,,2021-07-10T00:00:00,,,,,,Common Carrier,,1Z97228647840,,,,,,http://lighttree.com/22Z873
Y9JOYM,INBOUND,McGrey - Mt Sterling,LT-1,McGrey,LightTree,AFX,,2021-07-03T00:00:00,2021-07-10T00:00:00,2021-07-10T00:00:00,2021-07-06T00:00:00,2021-07-10T00:00:00,,,2021-07-10T00:00:00,,,,,,Common Carrier,,1Z40905045952,,,,,,http://lighttree.com/Y9JOYM
FHAHRV,INBOUND,Brewers - Phoenix,LT-1,Brewers,LightTree,AFX,,2021-07-03T00:00:00,2021-07-10T00:00:00,2021-07-10T00:00:00,2021-07-06T00:00:00,2021-07-10T00:00:00,,,2021-07-10T00:00:00,,,,,,Common Carrier,,1Z26727337844,,,,,,http://lighttree.com/FHAHRV
8GZ85E,INBOUND,Total Source - Waukesha,LT-1,Total Source,LightTree,TransOceanic,,2021-07-03T00:00:00,2021-07-10T00:00:00,2021-07-10T00:00:00,2021-07-06T00:00:00,2021-07-10T00:00:00,,,2021-07-10T00:00:00,,,,,,Common Carrier,,1Z97228647840,,,,,,http://lighttree.com/8GZ85E
LBM8DO,INBOUND,F & M - Columbus,LT-1,F & M,LightTree,NatEx,,2021-07-03T00:00:00,2021-07-10T00:00:00,2021-07-10T00:00:00,2021-07-06T00:00:00,2021-07-10T00:00:00,,,2021-07-10T00:00:00,,,,,,Common Carrier,,1Z26727337844,,,,,,http://lighttree.com/LBM8DO
JHQ7CZ,INBOUND,SilverOptics - Dover,LT-1,SilverOptics,LightTree,UXS,,2021-06-20T00:00:00,2021-06-27T00:00:00,2021-06-27T00:00:00,2021-06-23T00:00:00,2021-06-27T00:00:00,,,2021-06-27T00:00:00,,,,,,Common Carrier,,1Z64431175920,,,,,,http://lighttree.com/JHQ7CZ
Y15P9J,INBOUND,Ripley - Trenton,LT-1,Ripley,LightTree,AFX,,2021-06-20T00:00:00,2021-06-27T00:00:00,2021-06-27T00:00:00,2021-06-23T00:00:00,2021-06-27T00:00:00,,,2021-06-27T00:00:00,,,,,,Common Carrier,,1Z17624205357,,,,,,http://lighttree.com/Y15P9J
K84O37,INBOUND,Thermal - Cincinnati,LT-1,Thermal,LightTree,NatEx,,2021-06-20T00:00:00,2021-06-27T00:00:00,2021-06-27T00:00:00,2021-06-23T00:00:00,2021-06-27T00:00:00,,,2021-06-27T00:00:00,,,,,,Common Carrier,,1Z64431175920,,,,,,http://lighttree.com/K84O37
X5DIN1,INBOUND,Amos - Philadelphia,LT-1,Amos,LightTree,NatEx,,2021-06-20T00:00:00,2021-06-27T00:00:00,2021-06-27T00:00:00,2021-06-26T00:00:00,2021-06-27T00:00:00,,,2021-06-27T00:00:00,,,,,,Common Carrier,,1Z17624205357,,,,,,http://lighttree.com/X5DIN1
KKVIJA,INBOUND,Mueller - Pittsburgh,LT-1,Mueller,LightTree,Dunham,,2021-06-20T00:00:00,2021-06-27T00:00:00,2021-06-27T00:00:00,2021-06-23T00:00:00,2021-06-27T00:00:00,,,2021-06-27T00:00:00,,,,,,Common Carrier,,1Z58114235253,,,,,,http://lighttree.com/KKVIJA
2ALW30,INBOUND,Alumi-lux - Nashua,LT-1,Alumi-lux,LightTree,TransOceanic,,2021-06-20T00:00:00,2021-06-27T00:00:00,2021-06-27T00:00:00,2021-06-23T00:00:00,2021-06-27T00:00:00,,,2021-06-27T00:00:00,,,,,,Common Carrier,,1Z40789424977,,,,,,http://lighttree.com/2ALW30
WFF5PK,INBOUND,Gemini - Dallas,LT-2,Gemini,LightTree,NatEx,,2021-06-20T00:00:00,2021-06-27T00:00:00,2021-06-27T00:00:00,2021-06-23T00:00:00,2021-06-27T00:00:00,,,2021-06-27T00:00:00,,,,,,Common Carrier,,1Z76584940478,,,,,,http://lighttree.com/WFF5PK
MIVWTU,INBOUND,Mueller - Pittsburgh,LT-2,Mueller,LightTree,Dunham,,2021-06-20T00:00:00,2021-06-27T00:00:00,2021-06-27T00:00:00,2021-06-23T00:00:00,2021-06-27T00:00:00,,,2021-06-27T00:00:00,,,,,,Common Carrier,,1Z66136934522,,,,,,http://lighttree.com/MIVWTU
8R5WD0,INBOUND,LightLens - Ipswich ,LT-2,LightLens,LightTree,Dunham,,2021-06-20T00:00:00,2021-06-27T00:00:00,2021-06-27T00:00:00,2021-06-23T00:00:00,2021-06-27T00:00:00,,,2021-06-28T00:00:00,,,,,,Common Carrier,,1Z38985136344,,,,,,http://lighttree.com/8R5WD0
7EGXYZ,INBOUND,Luminar - Palm Beach Gardens,LT-2,Luminar,LightTree,Dunham,,2021-06-20T00:00:00,2021-06-27T00:00:00,2021-06-27T00:00:00,2021-06-23T00:00:00,2021-06-27T00:00:00,,,2021-06-27T00:00:00,,,,,,Common Carrier,,1Z73051707146,,,,,,http://lighttree.com/7EGXYZ
F809AI,INBOUND,EM - Hemphill,LT-2,EM,LightTree,UXS,,2021-06-20T00:00:00,2021-06-27T00:00:00,2021-06-27T00:00:00,2021-06-25T00:00:00,2021-06-27T00:00:00,,,2021-06-27T00:00:00,,,,,,Common Carrier,,1Z13792687652,,,,,,http://lighttree.com/F809AI
JT7TNN,INBOUND,Interalloy - Bozeman,LT-2,Interalloy,LightTree,UXS,,2021-06-20T00:00:00,2021-06-27T00:00:00,2021-06-27T00:00:00,2021-06-23T00:00:00,2021-06-27T00:00:00,,,2021-06-27T00:00:00,,,,,,Common Carrier,,1Z89561993624,,,,,,http://lighttree.com/JT7TNN
0KTK5E,INBOUND,Interalloy - Bozeman,LT-2,Interalloy,LightTree,UXS,,2021-06-20T00:00:00,2021-06-27T00:00:00,2021-07-04T00:00:00,2021-06-30T00:00:00,2021-07-04T00:00:00,,,2021-07-04T00:00:00,,,,,,Common Carrier,,1Z79609234312,,,,,,http://lighttree.com/0KTK5E
QAT3ET,INBOUND,Hardy - Salina,LT-2,Hardy,LightTree,TransOceanic,,2021-06-20T00:00:00,2021-06-27T00:00:00,2021-06-27T00:00:00,2021-06-23T00:00:00,2021-06-27T00:00:00,,,2021-06-27T00:00:00,,,,,,Common Carrier,,1Z79679439255,,,,,,http://lighttree.com/QAT3ET
ABCDM9,INBOUND,Interalloy - Bozeman,LT-2,Interalloy,LightTree,UXS,,2021-06-20T00:00:00,2021-06-27T00:00:00,2021-06-29T00:00:00,2021-06-25T00:00:00,2021-06-29T00:00:00,,,2021-06-29T00:00:00,,,,,,Common Carrier,,1Z61566406245,,,,,,http://lighttree.com/ABCDM9
79GPS3,INBOUND,Flexilux - Worcester,LT-2,Flexilux,LightTree,UXS,,2021-06-20T00:00:00,2021-06-27T00:00:00,2021-06-27T00:00:00,2021-06-23T00:00:00,2021-06-27T00:00:00,,,2021-06-27T00:00:00,,,,,,Common Carrier,,1Z66916635689,,,,,,http://lighttree.com/79GPS3
EH02I3,INBOUND,McGrey - Mt Sterling,LT-2,McGrey,LightTree,AFX,,2021-06-20T00:00:00,2021-06-27T00:00:00,2021-06-27T00:00:00,2021-06-23T00:00:00,2021-06-27T00:00:00,,,2021-06-27T00:00:00,,,,,,Common Carrier,,1Z84855380152,,,,,,http://lighttree.com/EH02I3
H5E0NL,INBOUND,Brewers - Phoenix,LT-2,Brewers,LightTree,AFX,,2021-06-20T00:00:00,2021-06-27T00:00:00,2021-06-27T00:00:00,2021-06-23T00:00:00,2021-06-27T00:00:00,,,2021-06-27T00:00:00,,,,,,Common Carrier,,1Z40905045952,,,,,,http://lighttree.com/H5E0NL
K8QVS4,INBOUND,Total Source - Waukesha,LT-2,Total Source,LightTree,TransOceanic,,2021-06-20T00:00:00,2021-06-27T00:00:00,2021-06-27T00:00:00,2021-06-23T00:00:00,2021-06-27T00:00:00,,,2021-06-27T00:00:00,,,,,,Common Carrier,,1Z26727337844,,,,,,http://lighttree.com/K8QVS4
A9AM23,INBOUND,F & M - Columbus,LT-2,F & M,LightTree,NatEx,,2021-06-20T00:00:00,2021-06-27T00:00:00,2021-06-27T00:00:00,2021-06-23T00:00:00,2021-06-27T00:00:00,,,2021-06-27T00:00:00,,,,,,Common Carrier,,1Z97228647840,,,,,,http://lighttree.com/A9AM23
KE5MQN,INBOUND,SilverOptics - Dover,LT-2,SilverOptics,LightTree,UXS,,2021-06-20T00:00:00,2021-06-27T00:00:00,2021-06-28T00:00:00,2021-06-24T00:00:00,2021-06-28T00:00:00,,,2021-06-28T00:00:00,,,,,,Common Carrier,,1Z13792687652,,,,,,http://lighttree.com/KE5MQN
IKI0FP,INBOUND,Ripley - Trenton,LT-2,Ripley,LightTree,AFX,,2021-06-20T00:00:00,2021-06-27T00:00:00,2021-06-27T00:00:00,2021-06-23T00:00:00,2021-06-27T00:00:00,,,2021-06-27T00:00:00,,,,,,Common Carrier,,1Z89561993624,,,,,,http://lighttree.com/IKI0FP
IKI0FQ,INBOUND,Ripley - Trenton,LT-2,Ripley,LightTree,AFX,,2021-06-20T00:00:00,2021-06-27T00:00:00,2021-06-29T00:00:00,2021-06-25T00:00:00,2021-06-29T00:00:00,,,2021-06-29T00:00:00,,,,,,Common Carrier,,1Z79609234312,,,,,,http://lighttree.com/IKI0FQ
I9QAXZ,INBOUND,Thermal - Cincinnati,LT-2,Thermal,LightTree,NatEx,,2021-06-20T00:00:00,2021-06-27T00:00:00,2021-06-27T00:00:00,2021-06-20T00:00:00,2021-06-27T00:00:00,,,2021-06-27T00:00:00,,,,,,Common Carrier,,1Z79679439255,,,,,,http://lighttree.com/I9QAXZ
I9QAX1,INBOUND,Thermal - Cincinnati,LT-2,Thermal,LightTree,NatEx,,2021-06-20T00:00:00,2021-06-27T00:00:00,2021-06-29T00:00:00,2021-06-22T00:00:00,2021-06-29T00:00:00,,,2021-06-29T00:00:00,,,,,,Common Carrier,,1Z61566406245,,,,,,http://lighttree.com/I9QAX1
4D6XV3,INBOUND,Amos - Philadelphia,LT-2,Amos,LightTree,NatEx,,2021-06-20T00:00:00,2021-06-27T00:00:00,2021-06-27T00:00:00,2021-06-23T00:00:00,2021-06-27T00:00:00,,,2021-06-27T00:00:00,,,,,,Common Carrier,,1Z66916635689,,,,,,http://lighttree.com/4D6XV3
7Z2D5S,INBOUND,Mueller - Pittsburgh,LT-2,Mueller,LightTree,Dunham,,2021-06-20T00:00:00,2021-06-27T00:00:00,2021-06-27T00:00:00,2021-06-23T00:00:00,2021-06-27T00:00:00,,,2021-06-27T00:00:00,,,,,,Common Carrier,,1Z84855380152,,,,,,http://lighttree.com/7Z2D5S
A3YENL,INBOUND,Alumi-lux - Nashua,LT-2,Alumi-lux,LightTree,TransOceanic,,2021-06-20T00:00:00,2021-06-27T00:00:00,2021-06-27T00:00:00,2021-06-23T00:00:00,2021-06-27T00:00:00,,,2021-06-27T00:00:00,,,,,,Common Carrier,,1Z40905045952,,,,,,http://lighttree.com/A3YENL
M0FCPA,INBOUND,Gemini - Dallas,LT-2,Gemini,LightTree,NatEx,,2021-06-20T00:00:00,2021-06-27T00:00:00,2021-06-27T00:00:00,2021-06-23T00:00:00,2021-06-27T00:00:00,,,2021-06-27T00:00:00,,,,,,Common Carrier,,1Z26727337844,,,,,,http://lighttree.com/M0FCPA
973FIR,INBOUND,Mueller - Pittsburgh,LT-2,Mueller,LightTree,Dunham,,2021-06-20T00:00:00,2021-06-27T00:00:00,2021-06-27T00:00:00,2021-06-23T00:00:00,2021-06-27T00:00:00,,,2021-06-27T00:00:00,,,,,,Common Carrier,,1Z97228647840,,,,,,http://lighttree.com/973FIR
CUPZ5U,INBOUND,LightLens - Ipswich ,LT-2,LightLens,LightTree,Dunham,,2021-06-20T00:00:00,2021-06-27T00:00:00,2021-06-27T00:00:00,2021-06-23T00:00:00,2021-06-27T00:00:00,,,2021-06-27T00:00:00,,,,,,Common Carrier,,1Z73051707146,,,,,,http://lighttree.com/CUPZ5U
Y7MOKZ,INBOUND,Luminar - Palm Beach Gardens,LT-2,Luminar,LightTree,Dunham,,2021-06-20T00:00:00,2021-06-27T00:00:00,2021-06-27T00:00:00,2021-06-25T00:00:00,2021-06-27T00:00:00,,,2021-06-27T00:00:00,,,,,,Common Carrier,,1Z13792687652,,,,,,http://lighttree.com/Y7MOKZ
2B73C9,INBOUND,EM - Hemphill,LT-2,EM,LightTree,UXS,,2021-06-20T00:00:00,2021-06-27T00:00:00,2021-06-27T00:00:00,2021-06-23T00:00:00,2021-06-27T00:00:00,,,2021-06-27T00:00:00,,,,,,Common Carrier,,1Z89561993624,,,,,,http://lighttree.com/2B73C9
4NJ8UK,INBOUND,Interalloy - Bozeman,LT-2,Interalloy,LightTree,UXS,,2021-06-20T00:00:00,2021-06-27T00:00:00,2021-06-27T00:00:00,2021-06-23T00:00:00,2021-06-27T00:00:00,,,2021-06-27T00:00:00,,,,,,Common Carrier,,1Z79609234312,,,,,,http://lighttree.com/4NJ8UK
55G1DB,INBOUND,Interalloy - Bozeman,LT-2,Interalloy,LightTree,UXS,,2021-06-20T00:00:00,2021-06-27T00:00:00,2021-06-27T00:00:00,2021-06-23T00:00:00,2021-06-27T00:00:00,,,2021-06-27T00:00:00,,,,,,Common Carrier,,1Z79679439255,,,,,,http://lighttree.com/55G1DB
H3PCI9,INBOUND,Hardy - Salina,LT-2,Hardy,LightTree,TransOceanic,,2021-06-20T00:00:00,2021-06-27T00:00:00,2021-06-27T00:00:00,2021-06-23T00:00:00,2021-06-27T00:00:00,,,2021-06-27T00:00:00,,,,,,Common Carrier,,1Z61566406245,,,,,,http://lighttree.com/H3PCI9
ZZXTYM,INBOUND,Interalloy - Bozeman,LT-2,Interalloy,LightTree,UXS,,2021-06-20T00:00:00,2021-06-27T00:00:00,2021-06-27T00:00:00,2021-06-23T00:00:00,2021-06-27T00:00:00,,,2021-06-27T00:00:00,,,,,,Common Carrier,,1Z66916635689,,,,,,http://lighttree.com/ZZXTYM
6DQOKI,INBOUND,Flexilux - Worcester,LT-2,Flexilux,LightTree,UXS,,2021-06-20T00:00:00,2021-06-27T00:00:00,2021-06-27T00:00:00,2021-06-23T00:00:00,2021-06-27T00:00:00,,,2021-06-27T00:00:00,,,,,,Common Carrier,,1Z84855380152,,,,,,http://lighttree.com/6DQOKI
EGI6OK,INBOUND,McGrey - Mt Sterling,LT-2,McGrey,LightTree,AFX,,2021-06-20T00:00:00,2021-06-27T00:00:00,2021-06-27T00:00:00,2021-06-23T00:00:00,2021-06-27T00:00:00,,,2021-06-27T00:00:00,,,,,,Common Carrier,,1Z40905045952,,,,,,http://lighttree.com/EGI6OK
QWFGRT,INBOUND,Brewers - Phoenix,LT-2,Brewers,LightTree,AFX,,2021-06-20T00:00:00,2021-06-27T00:00:00,2021-06-27T00:00:00,2021-06-23T00:00:00,2021-06-27T00:00:00,,,2021-06-27T00:00:00,,,,,,Common Carrier,,1Z26727337844,,,,,,http://lighttree.com/QWFGRT
ZJT3WS,INBOUND,Total Source - Waukesha,LT-2,Total Source,LightTree,TransOceanic,,2021-06-20T00:00:00,2021-06-27T00:00:00,2021-06-27T00:00:00,2021-06-23T00:00:00,2021-06-27T00:00:00,,,2021-06-27T00:00:00,,,,,,Common Carrier,,1Z97228647840,,,,,,http://lighttree.com/ZJT3WS
EFRJRZ,INBOUND,F & M - Columbus,LT-2,F & M,LightTree,NatEx,,2021-06-20T00:00:00,2021-06-27T00:00:00,2021-06-27T00:00:00,2021-06-23T00:00:00,2021-06-27T00:00:00,,,2021-06-26T00:00:00,,,,,,Common Carrier,,1Z13792687652,,,,,,http://lighttree.com/EFRJRZ
5Q5V0J,INBOUND,SilverOptics - Dover,LT-2,SilverOptics,LightTree,UXS,,2021-06-20T00:00:00,2021-06-27T00:00:00,2021-06-27T00:00:00,2021-06-23T00:00:00,2021-06-27T00:00:00,,,2021-06-27T00:00:00,,,,,,Common Carrier,,1Z89561993624,,,,,,http://lighttree.com/5Q5V0J
7ZV8EK,INBOUND,Ripley - Trenton,LT-2,Ripley,LightTree,AFX,,2021-06-20T00:00:00,2021-06-27T00:00:00,2021-06-27T00:00:00,2021-06-23T00:00:00,2021-06-27T00:00:00,,,2021-06-27T00:00:00,,,,,,Common Carrier,,1Z79609234312,,,,,,http://lighttree.com/7ZV8EK
7ZV8EL,INBOUND,Ripley - Trenton,LT-2,Ripley,LightTree,AFX,,2021-06-20T00:00:00,2021-06-27T00:00:00,2021-06-29T00:00:00,2021-06-25T00:00:00,2021-06-29T00:00:00,,,2021-06-29T00:00:00,,,,,,Common Carrier,,1Z79679439255,,,,,,http://lighttree.com/7ZV8EL
Y0F0H1,INBOUND,Thermal - Cincinnati,LT-2,Thermal,LightTree,NatEx,,2021-06-20T00:00:00,2021-06-27T00:00:00,2021-06-27T00:00:00,2021-06-23T00:00:00,2021-06-27T00:00:00,,,2021-06-27T00:00:00,,,,,,Common Carrier,,1Z61566406245,,,,,,http://lighttree.com/Y0F0H1
Y30T49,INBOUND,Amos - Philadelphia,LT-2,Amos,LightTree,NatEx,,2021-06-20T00:00:00,2021-06-27T00:00:00,2021-06-27T00:00:00,2021-06-23T00:00:00,2021-06-27T00:00:00,,,2021-06-27T00:00:00,,,,,,Common Carrier,,1Z66916635689,,,,,,http://lighttree.com/Y30T49
ASO95K,INBOUND,Mueller - Pittsburgh,LT-2,Mueller,LightTree,Dunham,,2021-06-20T00:00:00,2021-06-27T00:00:00,2021-06-27T00:00:00,2021-06-23T00:00:00,2021-06-27T00:00:00,,,2021-06-27T00:00:00,,,,,,Common Carrier,,1Z84855380152,,,,,,http://lighttree.com/ASO95K
UKNVOM,INBOUND,Alumi-lux - Nashua,LT-2,Alumi-lux,LightTree,TransOceanic,,2021-06-20T00:00:00,2021-06-27T00:00:00,2021-06-27T00:00:00,2021-06-23T00:00:00,2021-06-27T00:00:00,,,2021-06-27T00:00:00,,,,,,Common Carrier,,1Z40905045952,,,,,,http://lighttree.com/UKNVOM
ZY8L3E,INBOUND,Gemini - Dallas,LT-2,Gemini,LightTree,NatEx,,2021-06-20T00:00:00,2021-06-27T00:00:00,2021-06-27T00:00:00,2021-06-23T00:00:00,2021-06-27T00:00:00,,,2021-06-27T00:00:00,,,,,,Common Carrier,,1Z26727337844,,,,,,http://lighttree.com/ZY8L3E
REYPGS,INBOUND,Mueller - Pittsburgh,LT-2,Mueller,LightTree,Dunham,,2021-06-20T00:00:00,2021-06-27T00:00:00,2021-06-27T00:00:00,2021-06-23T00:00:00,2021-06-27T00:00:00,,,2021-06-27T00:00:00,,,,,,Common Carrier,,1Z97228647840,,,,,,http://lighttree.com/REYPGS
YFI6F7,INBOUND,LightLens - Ipswich ,LT-2,LightLens,LightTree,Dunham,,2021-06-20T00:00:00,2021-06-27T00:00:00,2021-06-27T00:00:00,2021-06-23T00:00:00,2021-06-27T00:00:00,,,2021-06-27T00:00:00,,,,,,Common Carrier,,1Z73051707146,,,,,,http://lighttree.com/YFI6F7
32MRIP,INBOUND,RLP - Troy,LT-2,RLP,LightTree,UXS,,2021-06-20T00:00:00,2021-06-27T00:00:00,2021-06-27T00:00:00,2021-06-23T00:00:00,2021-06-27T00:00:00,,,2021-06-27T00:00:00,,,,,,Common Carrier,,1Z13792687652,,,,,,http://lighttree.com/32MRIP
R449WJ,INBOUND,EM - Hemphill,LT-2,EM,LightTree,UXS,,2021-06-20T00:00:00,2021-06-27T00:00:00,2021-06-27T00:00:00,2021-06-23T00:00:00,2021-06-27T00:00:00,,,2021-06-27T00:00:00,,,,,,Common Carrier,,1Z89561993624,,,,,,http://lighttree.com/R449WJ
LHR1AR,INBOUND,Interalloy - Bozeman,LT-2,Interalloy,LightTree,UXS,,2021-06-20T00:00:00,2021-06-27T00:00:00,2021-06-27T00:00:00,2021-06-23T00:00:00,2021-06-27T00:00:00,,,2021-06-27T00:00:00,,,,,,Common Carrier,,1Z79609234312,,,,,,http://lighttree.com/LHR1AR
UPIJ07,INBOUND,Interalloy - Bozeman,LT-2,Interalloy,LightTree,UXS,,2021-06-20T00:00:00,2021-06-27T00:00:00,2021-06-27T00:00:00,2021-06-23T00:00:00,2021-06-27T00:00:00,,,2021-06-28T00:00:00,,,,,,Common Carrier,,1Z79679439255,,,,,,http://lighttree.com/UPIJ07
0I262B,INBOUND,Hardy - Salina,LT-2,Hardy,LightTree,TransOceanic,,2021-06-20T00:00:00,2021-06-27T00:00:00,2021-06-27T00:00:00,2021-06-23T00:00:00,2021-06-27T00:00:00,,,2021-06-27T00:00:00,,,,,,Common Carrier,,1Z61566406245,,,,,,http://lighttree.com/0I262B
0FBQ1N,INBOUND,Interalloy - Bozeman,LT-2,Interalloy,LightTree,UXS,,2021-06-20T00:00:00,2021-06-27T00:00:00,2021-06-27T00:00:00,2021-06-23T00:00:00,2021-06-27T00:00:00,,,2021-06-27T00:00:00,,,,,,Common Carrier,,1Z66916635689,,,,,,http://lighttree.com/0FBQ1N
PR0GPV,INBOUND,Flexilux - Worcester,LT-2,Flexilux,LightTree,UXS,,2021-06-20T00:00:00,2021-06-27T00:00:00,2021-06-27T00:00:00,2021-06-23T00:00:00,2021-06-27T00:00:00,,,2021-06-27T00:00:00,,,,,,Common Carrier,,1Z84855380152,,,,,,http://lighttree.com/PR0GPV
G4Y8MN,INBOUND,McGrey - Mt Sterling,LT-2,McGrey,LightTree,AFX,,2021-06-20T00:00:00,2021-06-27T00:00:00,2021-06-27T00:00:00,2021-06-23T00:00:00,2021-06-27T00:00:00,,,2021-06-27T00:00:00,,,,,,Common Carrier,,1Z40905045952,,,,,,http://lighttree.com/G4Y8MN
MM0RMM,INBOUND,Brewers - Phoenix,LT-2,Brewers,LightTree,AFX,,2021-06-20T00:00:00,2021-06-27T00:00:00,2021-06-27T00:00:00,2021-06-23T00:00:00,2021-06-27T00:00:00,,,2021-06-27T00:00:00,,,,,,Common Carrier,,1Z26727337844,,,,,,http://lighttree.com/MM0RMM
7T5KB3,INBOUND,Total Source - Waukesha,LT-2,Total Source,LightTree,TransOceanic,,2021-06-20T00:00:00,2021-06-27T00:00:00,2021-06-27T00:00:00,2021-06-23T00:00:00,2021-06-27T00:00:00,,,2021-06-27T00:00:00,,,,,,Common Carrier,,1Z97228647840,,,,,,http://lighttree.com/7T5KB3
TS6OEK,INBOUND,F & M - Columbus,LT-2,F & M,LightTree,NatEx,,2021-06-20T00:00:00,2021-06-27T00:00:00,2021-06-27T00:00:00,2021-06-23T00:00:00,2021-06-27T00:00:00,,,2021-06-27T00:00:00,,,,,,Common Carrier,,1Z13792687652,,,,,,http://lighttree.com/TS6OEK
B7JD31,INBOUND,SilverOptics - Dover,LT-2,SilverOptics,LightTree,UXS,,2021-06-20T00:00:00,2021-06-27T00:00:00,2021-06-27T00:00:00,2021-06-23T00:00:00,2021-06-27T00:00:00,,,2021-06-27T00:00:00,,,,,,Common Carrier,,1Z89561993624,,,,,,http://lighttree.com/B7JD31
9D7MHU,INBOUND,Ripley - Trenton,LT-2,Ripley,LightTree,AFX,,2021-06-20T00:00:00,2021-06-27T00:00:00,2021-06-27T00:00:00,2021-06-23T00:00:00,2021-06-27T00:00:00,,,2021-06-27T00:00:00,,,,,,Common Carrier,,1Z79609234312,,,,,,http://lighttree.com/9D7MHU
9D7MHV,INBOUND,Ripley - Trenton,LT-2,Ripley,LightTree,AFX,,2021-06-20T00:00:00,2021-06-27T00:00:00,2021-06-29T00:00:00,2021-06-25T00:00:00,2021-06-29T00:00:00,,,2021-06-29T00:00:00,,,,,,Common Carrier,,1Z79679439255,,,,,,http://lighttree.com/9D7MHV
2IRMPA,INBOUND,Thermal - Cincinnati,LT-2,Thermal,LightTree,NatEx,,2021-06-20T00:00:00,2021-06-27T00:00:00,2021-06-27T00:00:00,2021-06-23T00:00:00,2021-06-27T00:00:00,,,2021-06-27T00:00:00,,,,,,Common Carrier,,1Z61566406245,,,,,,http://lighttree.com/2IRMPA
ONUOBB,INBOUND,Amos - Philadelphia,LT-2,Amos,LightTree,NatEx,,2021-06-20T00:00:00,2021-06-27T00:00:00,2021-06-27T00:00:00,2021-06-23T00:00:00,2021-06-27T00:00:00,,,2021-06-27T00:00:00,,,,,,Common Carrier,,1Z66916635689,,,,,,http://lighttree.com/ONUOBB
WZKLR3,INBOUND,Mueller - Pittsburgh,LT-2,Mueller,LightTree,Dunham,,2021-06-20T00:00:00,2021-06-27T00:00:00,2021-06-27T00:00:00,2021-06-23T00:00:00,2021-06-27T00:00:00,,,2021-06-27T00:00:00,,,,,,Common Carrier,,1Z84855380152,,,,,,http://lighttree.com/WZKLR3
LA91HX,INBOUND,Alumi-lux - Nashua,LT-2,Alumi-lux,LightTree,TransOceanic,,2021-06-20T00:00:00,2021-06-27T00:00:00,2021-06-27T00:00:00,2021-06-23T00:00:00,2021-06-27T00:00:00,,,2021-06-27T00:00:00,,,,,,Common Carrier,,1Z40905045952,,,,,,http://lighttree.com/LA91HX
VJA70K,INBOUND,Gemini - Dallas,LT-2,Gemini,LightTree,NatEx,,2021-06-20T00:00:00,2021-06-27T00:00:00,2021-07-01T00:00:00,2021-06-27T00:00:00,2021-07-01T00:00:00,,,2021-07-01T00:00:00,,,,,,Common Carrier,,1Z40905045952,,,,,,http://lighttree.com/VJA70K
NT5MFK,INBOUND,Mueller - Pittsburgh,LT-2,Mueller,LightTree,Dunham,,2021-06-20T00:00:00,2021-06-27T00:00:00,2021-06-27T00:00:00,2021-06-23T00:00:00,2021-06-27T00:00:00,,,2021-06-27T00:00:00,,,,,,Common Carrier,,1Z26727337844,,,,,,http://lighttree.com/NT5MFK
36O46H,INBOUND,LightLens - Ipswich ,LT-2,LightLens,LightTree,Dunham,,2021-06-20T00:00:00,2021-06-27T00:00:00,2021-06-27T00:00:00,2021-06-24T00:00:00,2021-06-27T00:00:00,,,2021-06-27T00:00:00,,,,,,Common Carrier,,1Z97228647840,,,,,,http://lighttree.com/36O46H
4Q9CS9,INBOUND,RLP - Troy,LT-2,RLP,LightTree,UXS,,2021-06-20T00:00:00,2021-06-27T00:00:00,2021-06-27T00:00:00,2021-06-23T00:00:00,2021-06-27T00:00:00,,,2021-06-27T00:00:00,,,,,,Common Carrier,,1Z13792687652,,,,,,http://lighttree.com/4Q9CS9
0JBLJR,INBOUND,EM - Hemphill,LT-2,EM,LightTree,UXS,,2021-06-20T00:00:00,2021-06-27T00:00:00,2021-06-27T00:00:00,2021-06-23T00:00:00,2021-06-27T00:00:00,,,2021-06-27T00:00:00,,,,,,Common Carrier,,1Z89561993624,,,,,,http://lighttree.com/0JBLJR
PICVTB,INBOUND,Interalloy - Bozeman,LT-2,Interalloy,LightTree,UXS,,2021-06-20T00:00:00,2021-06-27T00:00:00,2021-06-27T00:00:00,2021-06-23T00:00:00,2021-06-27T00:00:00,,,2021-06-27T00:00:00,,,,,,Common Carrier,,1Z79609234312,,,,,,http://lighttree.com/PICVTB
U35XGJ,INBOUND,Interalloy - Bozeman,LT-2,Interalloy,LightTree,UXS,,2021-06-20T00:00:00,2021-06-27T00:00:00,2021-06-27T00:00:00,2021-06-23T00:00:00,2021-06-27T00:00:00,,,2021-06-27T00:00:00,,,,,,Common Carrier,,1Z79679439255,,,,,,http://lighttree.com/U35XGJ
44IT2T,INBOUND,Hardy - Salina,LT-2,Hardy,LightTree,TransOceanic,,2021-06-20T00:00:00,2021-06-27T00:00:00,2021-06-27T00:00:00,2021-06-23T00:00:00,2021-06-27T00:00:00,,,2021-06-27T00:00:00,,,,,,Common Carrier,,1Z61566406245,,,,,,http://lighttree.com/44IT2T
44IT2U,INBOUND,Hardy - Salina,LT-2,Hardy,LightTree,TransOceanic,,2021-06-20T00:00:00,2021-06-27T00:00:00,2021-06-29T00:00:00,2021-06-25T00:00:00,2021-06-29T00:00:00,,,2021-06-29T00:00:00,,,,,,Common Carrier,,1Z66916635689,,,,,,http://lighttree.com/44IT2U
PDSYEW,INBOUND,Interalloy - Bozeman,LT-2,Interalloy,LightTree,UXS,,2021-06-20T00:00:00,2021-06-27T00:00:00,2021-06-27T00:00:00,2021-06-23T00:00:00,2021-06-27T00:00:00,,,2021-06-27T00:00:00,,,,,,Common Carrier,,1Z84855380152,,,,,,http://lighttree.com/PDSYEW
ZQV8Q9,INBOUND,Flexilux - Worcester,LT-2,Flexilux,LightTree,UXS,,2021-06-20T00:00:00,2021-06-27T00:00:00,2021-06-27T00:00:00,2021-06-23T00:00:00,2021-06-27T00:00:00,,,2021-06-30T00:00:00,,,,,,Common Carrier,,1Z40905045952,,,,,,http://lighttree.com/ZQV8Q9
2GB5GW,INBOUND,McGrey - Mt Sterling,LT-2,McGrey,LightTree,AFX,,2021-06-20T00:00:00,2021-06-27T00:00:00,2021-06-27T00:00:00,2021-06-23T00:00:00,2021-06-27T00:00:00,,,2021-06-27T00:00:00,,,,,,Common Carrier,,1Z26727337844,,,,,,http://lighttree.com/2GB5GW
E9WDEX,INBOUND,Brewers - Phoenix,LT-2,Brewers,LightTree,AFX,,2021-06-20T00:00:00,2021-06-27T00:00:00,2021-06-27T00:00:00,2021-06-23T00:00:00,2021-06-27T00:00:00,,,2021-06-27T00:00:00,,,,,,Common Carrier,,1Z97228647840,,,,,,http://lighttree.com/E9WDEX
YH8EKK,INBOUND,Total Source - Waukesha,LT-2,Total Source,LightTree,TransOceanic,,2021-06-20T00:00:00,2021-06-27T00:00:00,2021-06-27T00:00:00,2021-06-23T00:00:00,2021-06-27T00:00:00,,,2021-06-27T00:00:00,,,,,,Common Carrier,,1Z79679439255,,,,,,http://lighttree.com/YH8EKK
YLRWC5,INBOUND,F & M - Columbus,LT-2,F & M,LightTree,NatEx,,2021-06-20T00:00:00,2021-06-27T00:00:00,2021-06-29T00:00:00,2021-06-25T00:00:00,2021-06-29T00:00:00,,,2021-06-29T00:00:00,,,,,,Common Carrier,,1Z61566406245,,,,,,http://lighttree.com/YLRWC5
